year,month,day,hour,minute,path,gas,bg,std
2024,9,17,7,0,/work2/noaa/co2/sibarrae/libfootprints/denver_vm0_dkb7_gfs_i2/2024/09/tmp_2024x09x17x07x00x39.7861Nx104.9886Wx00002/hysplit2024x09x17x07x00x39.7861Nx104.9886Wx00002.nc,10.1,2.02,0.404
2024,9,17,7,0,/work2/noaa/co2/sibarrae/libfootprints/denver_vm0_dkb7_gfs_i2/2024/09/tmp_2024x09x17x07x00x37.3039Nx107.4842Wx00002/hysplit2024x09x17x07x00x37.3039Nx107.4842Wx00002.nc,5.63333333333333,1.12666666666667,0.225333333333334
2024,9,17,7,0,/work2/noaa/co2/sibarrae/libfootprints/denver_vm0_dkb7_gfs_i2/2024/09/tmp_2024x09x17x07x00x39.9128Nx105.1886Wx00002/hysplit2024x09x17x07x00x39.9128Nx105.1886Wx00002.nc,1.2,0.24,0.048
2024,9,17,7,0,/work2/noaa/co2/sibarrae/libfootprints/denver_vm0_dkb7_gfs_i2/2024/09/tmp_2024x09x17x07x00x39.7795Nx105.0052Wx00002/hysplit2024x09x17x07x00x39.7795Nx105.0052Wx00002.nc,4.3,0.86,0.172
2024,9,17,7,0,/work2/noaa/co2/sibarrae/libfootprints/denver_vm0_dkb7_gfs_i2/2024/09/tmp_2024x09x17x07x00x39.8381Nx104.9498Wx00002/hysplit2024x09x17x07x00x39.8381Nx104.9498Wx00002.nc,7.6,1.52,0.304
2024,9,17,7,0,/work2/noaa/co2/sibarrae/libfootprints/denver_vm0_dkb7_gfs_i2/2024/09/tmp_2024x09x17x07x00x39.7322Nx105.0153Wx00002/hysplit2024x09x17x07x00x39.7322Nx105.0153Wx00002.nc,7.4,1.48,0.296
2024,9,17,7,0,/work2/noaa/co2/sibarrae/libfootprints/denver_vm0_dkb7_gfs_i2/2024/09/tmp_2024x09x17x07x00x39.4381Nx108.0261Wx00002/hysplit2024x09x17x07x00x39.4381Nx108.0261Wx00002.nc,3.2,0.64,0.128
